"Type","Code","ThinkCode","ColorCode","Formula","Colored","FormulaKey","SameCode","ColorDesc","ReverseCode"
棱块,CE,嫦娥,"00",M2 u M' u2 M' u M2,,棱块-CE,GE,,
角块,DX,大象,"0",R2 U R2 D R2 D' R2 U' R2 D R2 D',,角块-DX,,,
角块,EX,鹅心,"1",U R' D' U' R' D' R U R' D R D R U' ,,角块-EX,,,
角块,FX,佛像,"2",D' U' R2 D R U' R' D' R U R U D,,角块-FX,,,
角块,DY,电影/抖音,"0",D U' R D R' U2 R D' R' U' D',,角块-DY,,,
角块,EY,儿媳,"1",R U R2 D' R U' R' D R U R U' R',,角块-EY,,,
角块,FY,法医,"2",l D' R' D R U' R' D' R U D l',,角块-FY,,,
角块,DZ,刀子,"0",R' D' R U2 R' D R U2 ,,角块-DZ,,,
角块,EZ,儿子,"1",D R U R' D' R U R' D R U2 R' D',,角块-EZ,,,
角块,FZ,房子,"2",R B' R' U R' D' R U' R' D R2 B R',,角块-FZ,,,
角块,GA,国安,"0",R F R2 D' R U R' D R U' R F' R',,角块-GA,,,
角块,HA,胡安,"1",R' D' R' D R U' R' D' R U D R,,角块-HA,,,
角块,IA,伊爱,"2",U' R2 D' R U2 R' D R U2 R U,,角块-IA,,,
角块,GB,钢笔,"0",R U2 R D R' U2 R D' R2,,角块-GB,,,
角块,HB,红包,"1",R D' U' R' D' R U2 R' D R U' D R',,角块-HB,,,
角块,IB,恐怖美术馆,"2",R D' R2 D R2 U' R2 D' R2 D R2 U R,,角块-IB,,,
角块,GC,工厂,"0",R2 D' R U' R' D R U R,,角块-GC,,,
角块,HC,火车,"1",R' F D R U R' D' R U' R' F' R,,角块-HC,,,
角块,IC,IC卡,"2",F' U' R' D R U2 R' D' R U' F,,角块-IC,,,
角块,GD,果冻,"0",R' B' R U' R D R' U R D' R2 B R,,角块-GD,"",,
角块,HD,蝴蝶,"1",R' D U' R D R' U2 R D' R' U' D' R,,角块-HD,,,
角块,ID,身份证,"2",R' U D R D' R U' R' D R U R2 D' U' R,,角块-ID,,,
角块,FT,饭堂,"2",D' R2 U R D R' U' R D' R D,,角块-FT,,,
角块,ET,儿童,"1",R U R' D' R U R' D R U2 R',,角块-ET,,,
角块,DT,地图,"0",D U' R D' R' U2 R D R' U' D' ,,角块-DT,,,
角块,FS,粉丝,"2",R' U2 R' D' R U' R' D R U' R,,角块-FS,,,
角块,EW,鹅王,"1",D' R2 D' R' U R D R' U' R' D,,角块-EW,,,
角块,FW,福娃,"2",U' R2 D R U' R' D' R U R U,,角块-FW,,,
角块,DM,大妈,"0",R' D R U2 R' D' R U2 ,,角块-DM,,,
角块,EM,峨眉,"1",U R' U' R' D R U R' D' R2 U',,角块-EM,,,
角块,FM,蜂蜜,"2",R B' R' U R' D R U' R' D' R2 B R',,角块-FM,,,
角块,DN,电脑,"0",D' U' R D' R' U2 R D R' U' D,,角块-DN,,,
角块,EN,额娘,"1",R U R' D R U R' D' R U2 R',,角块-EN,,,
角块,FN,飞鸟,"2",D R2 U R D R' U' R D' R D',,角块-FN,,,
角块,DO,东欧,"0",R' D' U' R2 U' R' D R U R' D' R' U D R,,角块-DO,,,
角块,EO,EXO组合,"1",R2 D' R' U R D R' U' R',,角块-EO,,,
角块,GE,孤儿,"0",R U R D R' U' R D' R2,,角块-GE,,,
角块,FO,佛,"2",D U' R2 D R U' R' D' R U R U D' ,,角块-FO,,,
角块,EP,二胖,"1",D U R' U' R' D R U R' D' R2 U' D',,角块-EP,,,
角块,FP,飞盘,"2",R' D' R' U R D2 R' U' R D' R,,角块-FP,,,
角块,DQ,电器,"0",U' R D' R' U2 R D R' U',,角块-DQ,,,
角块,EQ,EQ情商,"1",U R' U2 R D' R' U R D R' U R U',,角块-EQ,,,
角块,FQ,番茄,"2",U2 R U R D' R' U' R D R2 U2,,角块-FQ,,,
角块,DR,敌人,"0",R D' R2 D R U2 R' D' R U2 R D R',,角块-DR,,,
角块,ER,恶人,"1",D R2 D' R' U R D R' U' R' D',,角块-ER,,,
角块,FR,腐乳,"2",U R D' R U' R' D R U R2 U' ,,角块-FR,,,
角块,DS,大师,"0",U' R D R' U2 R D' R' U',,角块-DS,,,
角块,ES,耳屎,"1",U' R2 U' R' D' R U R' D R' U,,角块-ES,,,
角块,DP,肚皮,"0",R' D2 R U2 R' D2 R U2,,角块-DP,,,
角块,DW,大王,"0",R F' R' U' R D R' U2 R D' R' U' R F R' ,,角块-DW,,,
角块,HE,海尔,"1",F' r U R' U' r' F R,,角块-HE,,,
角块,GF,功夫,"0",R2 D' R U2 R' D R U2 R,,角块-GF,,,
角块,GT,钢铁侠,"0",D U' R D' R' U R D R' D',,角块-GT,,,
角块,HT,核桃,"1",R U' R' U R D R' U' R D' U R',,角块-HT,,,
角块,IT,互联网技术,"2",D U R U2 R D' R' U2 R D R2 U' D',,角块-IT,,,
角块,GX,狗熊,"0",U' R' D R2 D' R' U R D R' U' R' D' R U ,,角块-GX,,,
角块,HX,海鲜,"1",U R' U' R U R' D' R U' R' D U R U',,角块-HX,,,
角块,IX,九,"2",U R' F2 R D' R' D F2 D' R D U',,角块-IX,,,
角块,GY,膏药,"0",D' R' D R U R' D' R U' D,,角块-GY,,,
角块,HY,后羿,"1",D' R' U D R U' R' D' R U R' U' R D,,角块-HY,,,
角块,IY,两面穿衣服,"2",U' R' U' R D R' U2 R D' R' U' R U,,角块-IY,,,
角块,GZ,甘蔗,"0",R' D' R U R' D R U',,角块-GZ,,,
角块,HZ,猴子,"1",R' U D' R U' R' D R U R' U' R,,角块-HZ,,,
角块,IZ,IZ组合,"2",F' R U R2 U' R' F R U R2 U' R',,角块-IZ,,,
角块,WA,胃癌,"0",x' F' D2 R U R' D2 R U' l' U,,角块-WA,,,
角块,MA,棉袄,"1",U' R' D R U R' D' R,,角块-MA,,,
角块,NA,脑癌,"2",D U' R' D' R U R' D R D',,角块-NA,,,
角块,WB,尾巴,"0",R D U' R' D' R U2 R' D R U' D' R',,角块-WB,,,
角块,MB,面包,"1",D R' F2 R D' R' D F2 D' R,,角块-MB,,,
角块,NB,泥巴,"2",R U' R' D R U2 R' D' R U' R',,角块-NB,,,
角块,WC,旺财,"0",U' R' D U R U' R' D' R U R' U' R U,,角块-WC,,,
角块,MC,冒菜,"1",R' U' R U R' D R U' R' D' U R,,角块-MC,,,
角块,NC,奶茶,"2",D R' U' R U R' D' R U' R' D U R D' ,,角块-NC,,,
角块,IS,伊斯兰国,"2",U R U' R' D' R U2 R' D R U' R' U',,角块-IS,,,
角块,HS,和尚,"1",U' R D U R' U' R D' R' U R U' R' U,,角块-HS,,,
角块,GS,怪兽,"0",U' R D R' U R D' R',,角块-GS,,,
角块,IR,伊朗,"2",F' U2 R D R' U2 R D' R' F,,角块-IR,,,
角块,HF,盒饭,"1",R U' L' U R' U' L U,,角块-HF,,,
角块,IF,鬼步舞,"2",U R U2 R D R' U2 R D' R2 U',,角块-IF,,,
角块,GW,国王,"0",x' D2 R U R' D2 R U' R' x,,角块-GW,,,
角块,HW,华为,"1",D U R' U' R U R' D' R U' R' D U R U' D',,角块-HW,,,
角块,IW,爱沃驰手表,"2",U' R2 D R U2 R' D' R U2 R U,,角块-IW,,,
角块,GM,肛门,"0",R' D R U R' D' R U',,角块-GM,,,
角块,HM,河马,"1",R' U D R U' R' D' R U R' U' R,,角块-HM,,,
角块,IM,即时通讯软件,"2",U R U' R' D R U2 R' D' R U' R' U',,角块-IM,,,
角块,GN,姑娘,"0",D R' D' R U R' D R U' D',,角块-GN,,,
角块,HN,红牛,"1",U L' U' R' U L U' R,,角块-HN,,,
角块,IE,IE浏览器,"2",R U R2 D R2 D' R2 U' R2 D R2 D' R,,角块-IE,,,
角块,IN,IN,"2",D' U R U2 R D' R' U2 R D R2 U' D,,角块-IN,,,
角块,HO,海鸥,"1",R U' R' U R D' R' U' R D U R',,角块-HO,,,
角块,IO,伊奥,"2",D U' R2 D R U2 R' D' R U2 R U D',,角块-IO,,,
角块,GP,股票,"0",R' D2 R U R' D2 R U',,角块-GP,,,
角块,HP,花盆,"1",D R' U D R U' R' D' R U R' U' R D' ,,角块-HP,,,
角块,IP,IP地址,"2",D U R U' R' D R U2 R' D' R U' R' U' D',,角块-IP,,,
角块,GQ,钢琴,"0",U' R D' R' U R D R',,角块-GQ,,,
角块,HQ,红旗,"1",R U' L U R' U' L' U,,角块-HQ,,,
角块,IQ,IQ智商,"2",U R U2 R D' R' U2 R D R2 U',,角块-IQ,,,
角块,GR,骨肉相连,"0",U' R D' R' U R' D R U R' D' R U' R D R',,角块-GR,,,
角块,HR,花蕊,"1",D R U' R' U R D' R' U' R D U R' D' ,,角块-HR,,,
角块,GO,狗,"0",l' U' R D2 R' U R D2 x',,角块-GO,,,
角块,WD,豌豆,"0",R F' R' U R D R' U2 R D' R' U R F R',,角块-WD,,,
角块,FI,世界杯,"2",U R2 D R' U2 R D' R' U2 R' U',,角块-FI,,,
角块,DI,滴滴打车,"0",R' D U R2 U' R' D' R U R' D R' U' D' R ,,角块-DI,,,
棱块,ZW,指纹,"10",E L U L' E' L U' L',,棱块-ZW,,,
棱块,YX,游戏,"01",R' U' R E' R' U R E,,棱块-YX,,,
棱块,ZX,真香,"11",u R' S R2 S' R' u',,棱块-ZX,,,
角块,AD,阿迪达斯,"0",R' U' D' R' D R U' R' D' R D U2 R ,,角块-AD,,,
角块,BD,百度/宝岛,"1",l' D' U' R D R' U2 R D' R' U' D l ,,角块-BD,,,
角块,CD,菜刀,"2",F R' D' R U2 R' D R U2 F' ,,角块-CD,,,
角块,AE,恩爱,"0",U' R2 D R' U2 R D' R' U2 R' U,,角块-AE,,,
角块,BE,不二神探,"1",l' U' R D' R' U2 R D R' U' l ,,角块-BE,,,
角块,CE,嫦娥,"2",U' R' U L U' R U L' ,,角块-CE,,,
角块,AF,阿福,"0",U' R' U' R' D' R U R' D R2 U,,角块-AF,,,
角块,BF,蝙蝠,"1",R2 U' R U R' D' R U2 R' D R U R' U R2 ,,角块-BF,,,
角块,CF,厨房,"2",R' U' R' D' R U' R' D R U2 R ,,角块-CF,,,
角块,AG,阿哥,"0",R F R' U R' D' R U' R' D R2 F' R',,角块-AG,,,
角块,BG,八哥,"1",R2 D R' U2 R D' R' U2 R' ,,角块-BG,,,
角块,CG,唱歌,"2",R' U' R' D' R U R' D R2 ,,角块-CG,,,
角块,AH,安徽,"0",R' D' U' R' D R U R' D' R D R,,角块-AH,,,
角块,BH,班花,"1",R U D' R' D' R U2 R' D R U D R' ,,角块-BH,,,
角块,CH,彩虹,"2",R' F R U R' D R U' R' D' F' R ,,角块-CH,,,
角块,AI,AI智能,"0",U' R' U2 R' D' R U2 R' D R2 U,,角块-AI,,,
角块,BI,自行车,"1",R' U' R2 D' R2 D R2 U R2 D' R2 D R' ,,角块-BI,,,
角块,CI,刺,"2",F' U R' D R U2 R' D' R U F ,,角块-CI,,,
棱块,YW,野味,"00",R U' R' E' R2 E R' U R',,棱块-YW,,,
棱块,ZT,侦探,"11",r U R E R2 E' R U' r',,棱块-ZT,,,
棱块,YT,牙套,"01",R' U' R' E R U R' E' R2,,棱块-YT,,,
棱块,ZS,钻石,"10",L2 E L U L' E' L U' L,,棱块-ZS,,,
棱块,ZH,知乎,"11",S' L' E L U L' E' L U' S,,棱块-ZH,,,
棱块,YI,Yif,"00",D' U L' E L2 E' L' U' D,,棱块-YI,,,
棱块,ZI,紫色,"10",F R2 E R2 E' F',,棱块-ZI,,,
棱块,YJ,眼镜,"01",M' U' R' U M U' R U,,棱块-YJ,,,
棱块,ZJ,炸鸡,"11",M2 U R' U' M U R U' M,,棱块-ZJ,,,
棱块,YK,遥控器,"00",U L' E L2 E' L' U',,棱块-YK,,,
棱块,ZK,钟馗,"10",u L E' L2 E L u',,棱块-ZK,,,
棱块,YL,月亮,"01",D M' U' R' U M U' R U D',,棱块-YL,,,
棱块,ZL,战狼,"11",F R S' R2 S R F',,棱块-ZL,,,
棱块,YM,杨梅,"00",U D L' E L2 E' L' D' U',,棱块-YM,,,
角块,AW,澳网,"0",U' l U  R' D2 R U' R' D2 F x,,角块-AW,,,
棱块,ZM,芝麻,"10",M U R' U' M2 U R U' M,,棱块-ZM,,,
棱块,ZN,猪脑,"11",D' R U' S U R' U' S' U D,,棱块-ZN,,,
棱块,YO,渔鸥,"00",U R U R U' R' U' R' U' R,,棱块-YO,,,
棱块,ZO,贼鸥,"10",f R S' R2 S R f',,棱块-ZO,,,
棱块,YP,羊排,"01",S U L' E L2 E' L' U' S',,棱块-YP,,,
棱块,ZP,纸牌,"11",R U' S U R' U' S' U,,棱块-ZP,,,
棱块,YQ,月球,"00",U R S R2 S' R U',,棱块-YQ,,,
棱块,ZQ,朱雀,"10",E' R U' R' E R U R',,棱块-ZQ,,,
棱块,YR,羽绒,"01",R S' R' F R S R' F',,棱块-YR,,,
棱块,ZR,猪肉,"11",l' U' R S R2 S' R U l,,棱块-ZR,,,
棱块,YS,岩石,"00",R U' R E R2 E' R U R',,棱块-YS,,,
棱块,YN,妖孽,"01",U2 M U R' U' M' U R U,,棱块-YN,,,
角块,EI,工程索引,"1",R' D R2 D' R2 U R2 D R2 D' R2 U' R',,角块-EI,,,
角块,BW,爆丸,"1",R U D R' D' R U2 R' D R D' U R' ,,角块-BW,,,
角块,AM,澳门,"0",R' D R U' R' D' R U,,角块-AM,,,
角块,AY,奥运,"0",D' R' D R U' R' D' R U D,,角块-AY,,,
角块,BY,白云,"1",D' R' D F2 D' R D R' F2 R ,,角块-BY,,,
角块,CY,草药,"2",F D R U R' D' R U' R' F' ,,角块-CY,,,
角块,AZ,安卓,"0",R' D' R U' R' D R U,,角块-AZ,,,
角块,BZ,包子,"1",D R U R' D' R U2 R' D R U R' D' ,,角块-BZ,,,
角块,CZ,肠子,"2",R' D' U' R U R' D R U' R' U R ,,角块-CZ,,,
角块,DA,答案,"0",R' D' U2 R' D R U R' D' R U D R ,,角块-DA,,,
角块,EA,EA游戏,"1",U' R U2 R D R' U2 R D' R2 U,,角块-EA,,,
角块,FA,福安,"2",U' R2 D' R U' R' D R U R U,,角块-FA,,,
角块,DB,大宝,"0",l' D' U R D R' U2 R D' R' U D l ,,角块-DB,,,
角块,EB,"2B铅笔","1",l' U R D' R' U2 R D R' U l,,角块-EB,,,
角块,FB,粉笔,"2",R2 U' R U' R' D' R U2 R' D R U' R' U R2,,角块-FB,,,
角块,DC,大肠,"0",F U2 R' D' R U2 R' D R F' ,,角块-DC,,,
角块,EC,鹅肠,"1",L U' R' U L' U' R U,,角块-EC,,,
角块,FD,飞碟,"2",x' D R U' R' D' R U l',,角块-FC,,,
角块,DG,蛋糕,"0",R' B' R2 D R' U' R D' R' U R' B R ,,角块-DG,,,
角块,EG,二锅/俄国,"1",R2 D R' U R D' R' U' R',,角块-EG,,,
角块,FG,法官,"2",R' U2 R' D' R U2 R' D R2,,角块-FG,,,
角块,DH,电话,"0",R' D U R D R' U2 R D' R' D' U R ,,角块-DH,,,
角块,EH,娥皇,"1",l' U' L U l F' L' F,,角块-EH,,,
角块,FH,凤凰,"2",U' L' U R U' L U R',,角块-FH,,,
角块,CX,车厢,"2",D' U' R' U R U' R' D R U R' U' D' R U D ,,角块-CX,,,
角块,BX,冰箱,"1",D' R D U R' D' R U2 R' D R U D' R' D ,,角块-BX,,,
角块,AX,爱心,"0",R2 D' R2 D R2 U' R2 D' R2 D R2 U,,角块-AX,,,
角块,CT,餐厅,"2",F D' R U R' D R U' R' F' ,,角块-CT,,,
角块,BM,宝马,"1",R' D F2 D' R D R' F2 R D' ,,角块-BM,,,
角块,CM,炒面,"2",R' D U' R U R' D' R U' R' U R ,,角块-CM,,,
角块,AN,按钮,"0",D R' D' R U' R' D R U D',,角块-AN,,,
角块,BN,伴娘,"1",R U R' D R U2 R' D' R U R' ,,角块-BN,,,
角块,CN,菜鸟,"2",D R' D' U' R U R' D R U' R' U R D' ,,角块-CN,,,
角块,AO,阿偶,"0",R' D' R2 U' R' D R U R' D' R' D R,,角块-AO,,,
角块,BO,布偶,"1",R2 D' R' U2 R D R' U2 R' ,,角块-BO,,,
角块,CO,陈欧,"2",R2 D2 R U' R' D R U R' D R2 ,,角块-CO,,,
角块,AP,苹果,"0",R' D2 R U' R' D2 R U,,角块-AP,,,
角块,BP,鞭炮,"1",D R' D F2 D' R D R' F2 R D2 ,,角块-BP,,,
角块,CW,宠物,"2",U' R' U R U' R' D R U R' D' U' R U ,,角块-CW,,,
角块,CP,车票,"2",l U2 R' D R U2 R' D' x ,,角块-CP,,,
角块,BQ,棒球,"1",R U D R' D R U2 R' D' R D' U R' ,,角块-BQ,,,
角块,CQ,柴犬,"2",U' R' U r2 D' R D r2 ,,角块-CQ,,,
角块,AR,爱人,"0",R D' R2 D R U' R' D' R U R D R',,角块-AR,,,
角块,BR,被褥,"1",D R2 D' R' U2 R D R' U2 R' D' ,,角块-BR,,,
角块,CR,超人,"2",F' D R U' R' D2 R U R' D F ,,角块-CR,,,
角块,AS,阿衰,"0",U' R D R' U' R D' R' U2,,角块-AS,,,
角块,BS,冰山,"1",R U D' R' D R U2 R' D' R D U R' ,,角块-BS,,,
角块,CS,厨师,"2",R' U' R' D' R U2 R' D R U' R,,角块-CS,,,
角块,AT,阿童木,"0",D' R' D' R U' R' D R U D,,角块-AT,,,
角块,BT,白糖,"1",R U R' D' R U2 R' D R U R' ,,角块-BT,,,
角块,AQ,暗器,"0",U' R D' R' U' R D R' U2,,角块-AQ,,,
角块,MD,毛豆,"1",U2 R' D R U2 R' D' R,,角块-MD,,,
角块,ND,牛犊,"2",D' U R D' R' U2 R D R' U D,,角块-ND,,,
角块,WE,我们,"0",D' R U R D' R' U' R D R2 D,,角块-WE,,,
角块,SN,酸奶,"1",R D R' U' R D R' U R D2 R',,角块-SN,,,
角块,TN,鸵鸟,"2",D' R U R' D2 R U' R' D',,角块-TN,,,
角块,RO,肉,"0",U r2 D' R2 D r2 U' R2,,角块-RO,,,
角块,SO,手偶,"1",R2 D2 R U R' D R U' R' D R2,,角块-SO,,,
角块,TO,糖藕,"2",R D U' R' U R D2 R' U' R U D R',,角块-TO,,,
角块,RP,肉片,"0",U R2 U' R' D2 R U R' D2 R' U',,角块-RP,,,
角块,SP,薯片,"1",U' R' U' R D' R' U R D U,,角块-SP,,,
角块,TP,天蓬元帅,"2",R' D' R' U' R D2 R' U R D' R,,角块-TP,,,
角块,RQ,肉球,"0",D2 R U' R D2 R' U R D2 R2 D2,,角块-RQ,,,
角块,SQ,手枪,"1",R D R' U' R D2 R' U R D R',,角块-SQ,,,
角块,TQ,台球,"2",D' R U R' D' R U' R' D2,,角块-TQ,,,
角块,RX,肉馅,"0",D' R2 U R2 U' R2 D R2 U R2 U' R2,,角块-RX,,,
角块,SX,生肖,"1",R U' D' R2 D R U2 R' D' R U2 R D U R',,角块-SX,,,
角块,TX,拖鞋,"2",D' R2 D2 R' U' R D2 R' U R' D,,角块-TX,,,
角块,RY,肉燕,"0",U R D' R' D R U' R' D' R U D R' U',,角块-RY,,,
角块,SY,摄影,"1",D' U R U' R' D R U R' U',,角块-SY,,,
角块,TY,汤圆,"2",D R D' R' U' R D2 R' U R D' R' D',,角块-TY,,,
角块,RZ,肉粽,"0",D' U r' D2 r U' r' F D2 F' r D,,角块-RZ,,,
角块,SZ,勺子,"1",R' U D' R U R' D R U' R' U' R,,角块-SZ,,,
角块,TZ,贴纸,"2",D' R U R' D R U' R',,角块-TZ,,,
角块,XA,雪獒铠甲,"0",U' R2 D' R2 D R2 U R2 D' R2 D R2,,角块-XA,,,
角块,RN,肉泥,"0",D R U' R D' R' U R D R2 D',,角块-RN,,,
角块,TM,汤姆猫,"2",R' D R2 U R' D' R U' R' D R' D' R,,角块-TM,,,
角块,SM,烧麦,"1",D' U R U' R' D2 R U R' U' D',,角块-SM,,,
角块,RM,绒毛,"0",F' D' R U' R' D R U R' F,,角块-RM,,,
角块,TC,陶瓷,"2",F R U R' D' R U' R' D F',,角块-TC,,,
角块,RD,瑞典,"0",R D' R' U2 R' D R U2 R' D' R2 D R',,角块-RD,,,
角块,SD,闪电,"1",U R D R' U2 R D' R' U,,角块-SD,,,
角块,TD,泰迪,"2",D U R D' R' U2 R D R' U D',,角块-TD,,,
角块,RE,软腭,"0",D R U R D' R' U' R D R2 D',,角块-RE,,,
角块,SE,烧鹅,"1",U' R D' R U' R' D R U R2 U,,角块-SE,,,
角块,TE,天鹅,"2",R U2 R' D' R U' R' D R U' R',,角块-TE,,,
角块,RF,肉粉,"0",U R2 U' R' D' R U R' D R' U',,角块-RF,,,
角块,SF,沙发,"1",R' U R' D' R U R' D R U2 R,,角块-SF,,,
角块,TF,台风,"2",D' R' D R' U R D' R' U' R2 D,,角块-TF,,,
角块,YA,鸭,"1",D' U' R' D R U R' D' R D,,角块-YA,,,
角块,RG,热狗,"0",R D' R' U R' D R U' R' D' R U' R D R' U,,角块-RG,,,
角块,TG,糖果,"2",D R D' R' U' R D R' U D',,角块-TG,,,
角块,RH,如花,"0",D R U' D' R' U R D R' U' R U R' D' ,,角块-RH,,,
角块,SH,水壶,"1",U' R U R' U' R D R' U R D' U' R' U,,角块-SH,,,
角块,TH,弹簧,"2",R D U' R' U R D' R' U' R U R',,角块-TH,,,
角块,RI,日,"0",F' R D R' U2 R D' R' U2 F,,角块-RI,,,
角块,SI,丝,"1",U R U R' D' R U2 R' D R U R' U',,角块-SI,,,
角块,TI,题,"2",D U R2 D' R' U2 R D R' U2 R' U' D',,角块-TI,,,
角块,RW,肉丸,"0",R U' R2 U R D2 R' U' R D2 R U R',,角块-RW,,,
角块,SW,丝袜,"1",U' R2 D R U R' D' R U' R U,,角块-SW,,,
角块,TW,条纹,"2",R U R U R' D R U' R' D' U' R',,角块-TW,,,
角块,SG,砂锅,"1",R D R' U' R D' R' U,,角块-SG,,,
角块,SC,酸菜,"1",R' U R' D' R U2 R' D R U R,,角块-SC,,,
角块,ZA,藏獒,"2",U' R' D' R U R' D R,,角块-ZA,,,
角块,YB,怡宝,"1",R' F2 R D' R' D F2 D' R D,,角块-YB,,,
角块,YM,杨梅,"1",U R U' R' D R U R' D' U',,角块-YM,,,
角块,ZM,芝麻,"2",U R' D' R U' R' D2 R U R' D' R U',,角块-ZM,,,
角块,XN,犀牛,"0",U r' D2 r U' r' F D2 F' r,,角块-XN,,,
角块,YN,妖孽,"1",U L' U' R U L U' R',,角块-YN,,,
角块,ZN,猪脑,"2",R U R' D R U' R' D',,角块-ZN,,,
角块,XO,XO酒,"0",R2 U R2 U' R2 D2 R2 U R2 U' R2 D2,,角块-XO,,,
角块,YO,渔鸥,"1",U r2 D' R D r2 U' R',,角块-YO,,,
角块,ZO,贼鸥,"2",R2 D' R' U' R D R' U R',,角块-ZO,,,
角块,XP,橡皮,"0",U D R2 U' R' D R U R' D' R' D' U',,角块-XP,,,
角块,YP,羊排,"1",D U' R' U' R D2 R' U R U D,,角块-YP,,,
角块,ZP,纸牌,"2",U R' D' R U' R' D' R U R' D2 R U',,角块-ZP,,,
角块,XQ,星球,"0",D2 R U' R D' R' U R D R2 D2,,角块-XQ,,,
角块,YQ,月球,"1",U R U2 R D' R' U R D R' U R' U',,角块-YQ,,,
角块,ZQ,朱雀,"2",R U R' D2 R U' R' D2,,角块-ZQ,,,
角块,XR,虾仁,"0",R2 U R2 U' R2 D' R2 U R2 U' R2 D,,角块-XR,,,
角块,YR,羽绒,"1",U R D' U' R' D R U R' D' R D R' U',,角块-YR,,,
角块,ZR,猪肉,"2",D' r' F D2 F' r U r' D2 r U' D,,角块-ZR,,,
角块,XS,香水,"0",R U' D' R' U2 R' D R U2 R' D' R2 D U R',,角块-XS,,,
角块,YS,岩石,"1",U R U' R' D' R U R' D U',,角块-YS,,,
角块,ZS,钻石,"2",R' U R U R' D' R U' R' D U' R,,角块-ZS,,,
角块,XT,刑天,"0",D' R U' R D2 R' U R D2 R2 D,,角块-XT,,,
角块,XM,熊猫,"0",U D R D' R' D R U' R' D' R U D R' D' U',,角块-XM,,,
角块,ZW,指纹,"2",R2 D2 R' U' R D2 R' U R',,角块-ZW,,,
角块,YW,野味,"1",U R U' F2 U R' U' R F2 R',,角块-YW,,,
角块,XW,新闻,"0",R2 U R2 U' R2 D R2 U R2 U' R2 D',,角块-XW,,,
角块,ZB,珠宝,"2",D R U' R' D' R U2 R' D R U' R' D',,角块-ZB,,,
角块,XC,相册,"0",D' U' R' D U R U' R' D' R U R' U' R U D,,角块-XC,,,
角块,YC,旸唇,"1",F R U R' D R U' R' D' F',,角块-YC,,,
角块,ZC,榨菜,"2",R' U' R U R' D' R U' R' D U R,,角块-ZC,,,
角块,XD,鞋带,"0",D R2 D' R2 U R2 D R2 D' R2 U' R2,,角块-XD,,,
角块,YD,腰带,"1",D U R D R' U2 R D' R' U D',,角块-YD,,,
角块,ZD,桌垫,"2",U2 R' D' R U2 R' D R,,角块-ZD,,,
角块,XE,熊二,"0",U R' D' R' D' R U' R' D R U D R U' ,,角块-XE,,,
角块,YE,婴儿,"1",R U R' U' R' D' R U R' D R2 U' R',,角块-YE,,,
角块,ZE,猪耳,"2",D R U2 R' D' R U' R' D R U' R' D',,角块-ZE,,,
角块,XB,辛巴,"0",D' R D U' R' D' R U2 R' D R U' D' R' D,,角块-XB,,,
角块,XF,校服,"0",D' U' R' U' R' D R U R' D' R2 U D,,角块-XF,,,
角块,ZF,罪犯,"2",R B' R2 D' R U R' D R U' R B R',,角块-ZF,,,
角块,XG,香菇,"0",U' R' D R U R D' R' U' R D R2 D' R U,,角块-XG,,,
角块,YG,鱼缸,"1",D' U R' D R U' R' D' R D,,角块-YG,,,
角块,ZG,中国,"2",U R' D' R U' R' D R,,角块-ZG,,,
角块,XH,校花,"0",U R' D' U' R U R' D R U' R' U R U',,角块-XH,,,
角块,YH,樱花,"1",D' R' U R U' R' D R U R' D' U' R D,,角块-YH,,,
角块,ZH,知乎,"2",R' U R U' R' D' R U R' D U' R,,角块-ZH,,,
角块,XI,夕阳,"0",U D' R' D F2 D' R D R' F2 R U',,角块-XI,,,
角块,YI,Yif,"1",U' R' U R D R' U2 R D' R' U R U,,角块-YI,,,
角块,ZI,紫色,"2",R U R2 U' R' F' R U R2 U' R' F,,角块-ZI,,,
角块,YF,衣服,"1",l D' U' R' D R U R' D' R D l',,角块-YF,,,
角块,RC,肉串,"0",F' D' R U' R' D2 R U R' D' F,,角块-RC,,,
角块,TB,淘宝,"2",R U' R' D' R U2 R' D R U' R',,角块-TB,,,
角块,SB,鼠标,"1",R D' U' R' D R U2 R' D' R U' D R',,角块-SB,,,
角块,WS,五杀,"0",U' R' U R' D R U' R' D' R2 U,,角块-WS,,,
角块,MS,魔术,"1",D U R U' R' D2 R U R' U' D,,角块-MS,,,
角块,NS,年兽,"2",R D2 R' U' R D' R' U R D' R',,角块-NS,,,
角块,WT,梧桐,"0",R U D R U R' D' R U' R' U' R',,角块-WT,,,
角块,MT,摩托,"1",R' D R D' R U R' D R U' R2 D' R,,角块-MT,,,
角块,NT,奶糖,"2",D R U R' D2 R U' R' D,,角块-NT,,,
角块,WX,蚊香,"0",D R2 U R2 U' R2 D' R2 U R2 U' R2,,角块-WX,,,
角块,MX,米线,"1",U D R D' U' R' D R U R' D' R D R' D' U',,角块-MX,,,
角块,NX,奶昔,"2",r' F D2 F' r U r' D2 r U',,角块-NX,,,
角块,WY,乌鸦,"0",R F2 R' U R U' F2 U R' U',,角块-WY,,,
角块,MY,蚂蚁,"1",D U R U' R' D' R U R' U',,角块-MY,,,
角块,NY,农药,"2",R U L' U' R' U L U',,角块-NY,,,
角块,WZ,王子,"0",R U' R D2 R' U R D2 R2,,角块-WZ,,,
角块,MZ,帽子,"1",U R' D R U' R' D2 R U R' D R U',,角块-MZ,,,
角块,NZ,哪吒,"2",D R U R' D' R U' R',,角块-NZ,,,
角块,OA,办公,,R' D' R D R U' R' D' R U R2 D R,,角块-OA,,,
角块,PA,潘安,"1",U' R' D2 R U R' D2 R,,角块-PA,,,
角块,QA,奇安,"2",U2 R D' R' U R D R' U,,角块-QA,,,
角块,OB,欧巴,"0",R U2 R D' R' U2 R D R2,,角块-OB,,,
角块,PB,瀑布,"1",D2 R' F2 R D' R' D F2 D' R D',,角块-PB,,,
角块,QB,钱包,"2",R U' D R' D R U2 R' D' R D' U' R',,角块-QB,,,
角块,NR,牛肉,"2",D R2 D' R' U' R D R' U R' D',,角块-NR,,,
角块,MR,母乳,"1",F' R U' R' D' R U R' D F,,角块-MR,,,
角块,WR,世界纪录,"0",R U' R' D2 R' U R D2 R' U' R2 U R',,角块-WR,,,
角块,NQ,泥鳅,"2",D R U R' D R U' R' D2,,角块-NQ,,,
角块,ME,木耳,"1",U R2 D R U' R' D' R U R U',,角块-ME,,,
角块,NE,女儿,"2",R U2 R' D R U' R' D' R U' R',,角块-NE,,,
角块,WF,汪峰,"0",U' R' U' R' D R U R' D' R2 U,,角块-WF,,,
角块,MF,魔方,"1",R B' R2 D R U R' D' R U' R B R',,角块-MF,,,
角块,NF,奶粉,"2",D R' D R' U R D' R' U' R2 D',,角块-NF,,,
角块,WG,乌龟,"0",x' R U R' D2 R U' R' D2 x,,角块-WG,,,
角块,MG,芒果,"1",U R' D R U' R' D' R,,角块-MG,,,
角块,NG,南瓜,"2",D U R' D' R U' R' D R D',,角块-NG,,,
角块,WH,网红,"0",D U R' U' D' R U R' D R U' R' U R U' D',,角块-WH,,,
角块,MH,漫画,"1",R' U R U' R' D R U R' D' U' R,,角块-MH,,,
角块,OC,橘子郡男孩,"0",R2 D' R U' R' D' R U R' D2 R2,,角块-OC,,,
角块,NH,年货,"2",R' U L' U' R U L U',,角块-NH,,,
角块,MI,米,"1",U R U R' D R U2 R' D' R U R' U',,角块-MI,,,
角块,NI,镍,"2",D' U R2 D' R' U2 R D R' U2 R' U' D,,角块-NI,,,
角块,WO,玩偶,"0",F2 r D r' F2 r D' r',,角块-WO,,,
角块,MO,木偶,"1",F' R U' R' D2 R U R' D2 F,,角块-MO,,,
角块,NO,一氧化氮,"2",D R2 D2 R' U' R D2 R' U R' D',,角块-NO,,,
角块,WP,网盘,"0",l D' U R D R' U2 R D' R' U D l',,角块-WP,,,
角块,MP,麦片,"1",l U R D' R' U2 R D R' U l',,角块-MP,,,
角块,NP,奶瓶,"2",D' R D' R' U' R D2 R' U R D' R' D,,角块-NP,,,
角块,WQ,围棋,"0",D U r' D2 r U' r' F D2 F' r D',,角块-WQ,,,
角块,MQ,米奇,"1",R' D R D R U R' D' R U' R2 D' R,,角块-MQ,,,
角块,WI,WiFi,"0",U' R' U2 R' D R U2 R' D' R2 U,,角块-WI,,,
角块,PC,泡菜,"1",x' D R U2 R' D' R U2 l',,角块-PC,,,
角块,QC,青菜,"2",r2 D' R' D r2 U' R U,,角块-QC,,,
角块,OD,欧弟,"0",R' U' D' R D R U' R' D' R U R2 D U R,,角块-OD,,,
角块,OR,俄勒冈州,"0",R2 U r2 D' R2 D r2 U',,角块-OR,,,
角块,PR,飘柔,"1",U R D2 R U' R' D2 R U R2 U',,角块-PR,,,
角块,QR,奇瑞,"2",D2 R2 D2 R' U' R D2 R' U R' D2,,角块-QR,,,
角块,OS,内心独白,"0",R2 D' R U R' D' R U' R' D2 R2,,角块-OS,,,
角块,PS,菩萨,"1",U' D' R' U' R D R' U R U,,角块-PS,,,
角块,QS,汽水,"2",R D' R' U' R D2 R' U R D' R',,角块-QS,,,
角块,OT,蛋挞,"0",R D' U' R' U R D2 R' U' R U D' R',,角块-OT,,,
角块,PT,葡萄,"1",R' D R' U' R D2 R' U R D R,,角块-PT,,,
角块,QT,拳头,"2",D2 R U R' D R U' R' D,,角块-QT,,,
角块,OX,公牛,"0",D2 R2 U R2 U' R2 D2 R2 U R2 U' R2,,角块-OX,,,
角块,QN,牵牛花,"2",D2 R U R' D' R U' R' D',,角块-QN,,,
角块,PX,螃蟹/皮鞋,"1",U D R D R U' R' D' R U R2 D' U',,角块-PX,,,
角块,OY,欧元,"0",R U r2 D' R' D r2 U',,角块-OY,,,
角块,PY,皮衣,"1",U' D' R' U' R D2 R' U R D' U,,角块-PY,,,
角块,QY,秋衣,"2",U R U' R D' R' U' R D R' U2 R' U',,角块-QY,,,
角块,OZ,欧洲,"0",R U' R D' R' U R D R2,,角块-OZ,,,
角块,PZ,瓶子,"1",U R' D2 R U' R' D R U R' D R U',,角块-PZ,,,
角块,QZ,茄子,"2",D2 R U R' D2 R U' R',,角块-QZ,,,
角块,RA,锐澳,"0",R D' R' U' R' D R U R' D' R2 D R',,角块-RA,,,
角块,SA,SARS,"1",U2 R D R' U R D' R' U,,角块-SA,,,
角块,TA,天安门,"2",D' U' R' D' R U R' D R D,,角块-TA,,,
角块,RB,日本,"0",D R U2 R D' R' U2 R D R2 D',,角块-RB,,,
角块,QX,球鞋,"2",D2 R2 D' R' U' R D R' U R' D2,,角块-QX,,,
棱块,YH,樱花,"01",R u' R' E' R2 E R' u R',,棱块-YH,,,
角块,PN,跑男,"1",D' R D R' U' R D2 R' U R D R' D,,角块-PN,,,
角块,QM,洽米,"2",R' D R2 U R' D R U' R' D' R' D' R,,角块-QM,,,
角块,PD,皮蛋,"1",U2 R' D2 R U2 R' D2 R,,角块-PD,,,
角块,QD,乔丹,"2",U R D' R' U2 R D R' U,,角块-QD,,,
角块,OE,藕耳,"0",R U R D' R' U' R D R2,,角块-OE,,,
角块,PE,普洱茶,"1",D U R2 D R U' R' D' R U R U' D',,角块-PE,,,
角块,QE,企鹅,"2",U R' U' R D' R' U' R D R' U2 R U',,角块-QE,,,
角块,OF,关机键,"0",D U' R' U' R' D R U R' D' R2 U D',,角块-OF,,,
角块,PF,披风,"1",R' D R' U R D2 R' U' R D R,,角块-PF,,,
角块,QF,擒奋,"2",U2 R2 D' R' U R D R' U' R' U2,,角块-QF,,,
角块,OG,欧冠,"0",x D2 R' U' R D2 R' U R x',,角块-OG,,,
角块,PG,苹果/屁股,"1",U R' D2 R U' R' D2 R,,角块-PG,,,
角块,ON,欧尼,"0",D R U' R D2 R' U R D2 R2 D',,角块-ON,,,
角块,QG,乞丐,"2",R D' R' U' R D R' U,,角块-QG,,,
角块,PH,胖虎,"1",D R' U R U' R' D R U R' D' U' R D' ,,角块-PH,,,
角块,QH,拳皇,"2",U' L U R U' L' U R',,角块-QH,,,
角块,OI,油,"0",D U' R' U2 R' D R U2 R' D' R2 U D',,角块-OI,,,
角块,PI,屁,"1",U' R' U R D' R' U2 R D R' U R U,,角块-PI,,,
角块,QI,棋,"2",U R2 D' R' U2 R D R' U2 R' U',,角块-QI,,,
角块,OW,猫头鹰,"0",r D r' F2 r D' r' F2,,角块-OW,,,
角块,PW,喷雾,"1",l D' U' R D R' U2 R D' R' U' D l',,角块-PW,,,
角块,QW,青蛙,"2",D r' F D2 F' r U r' D2 r U' D',,角块-QW,,,
角块,OM,欧姆,"0",F' D2 R U' R' D2 R U R' F,,角块-OM,,,
角块,PM,泡面,"1",l U' R D' R' U2 R D R' U' l',,角块-PM,,,
角块,OH,欧皇,"0",R U' D' R' U R D R' U' R U R',,角块-OH,,,
棱块,ZG,中国,"10",U2 L' E L U' L' E' L U',,棱块-ZG,,,
棱块,YG,鱼缸,"00",r' U M' U' R U M U' M',,棱块-YG,,,
棱块,ZF,罪犯,"11",U R' U' M' U R U' M,,棱块-ZF,,,
棱块,IQ,IQ智商,"00",U D' L' E' L2 E L' U' D,,棱块-IQ,,,
棱块,JQ,机器,"10",U' R U M' U' R' U M,,棱块-JQ,,,
棱块,GR,骨肉相连,"01",U L E' L' U L E L' U2,,棱块-GR,,,
棱块,HR,花蕊,"11",S' U L E' L' U' L E L' S,,棱块-HR,,,
棱块,IR,伊朗,"01",R2 F E R2 E' R2 F' R2,,棱块-IR,,,
棱块,JR,杰瑞鼠,"11",F' E R U' R' E' R U R' F,,棱块-JR,,,
棱块,GS,怪兽,"00",R2 U' R E R2 E' R U R2,,棱块-GS,,,
棱块,HS,和尚,"10",S U' R E R2 E' R U S',,棱块-HS,,,
棱块,IS,伊斯兰国,"00",U' D R E R2 E' R U D',,棱块-IS,,,
棱块,JS,僵尸,"10",U L' U' M' U L U' M,,棱块-JS,,,
棱块,GT,钢铁侠,"01",U' R' E R U R' E' R,,棱块-GT,,,
棱块,HT,核桃,"11",L' M U' M' U2 M U' M' L,,棱块-HT,,,
棱块,IT,互联网技术,"01",L2 F' E' L2 E L2 F L2,,棱块-IT,,,
棱块,JT,吉他,"11",F r U r' E r U' r' E' F',,棱块-JT,,,
棱块,GW,国王,"00",U' R' E2 R U R' E2 R,,棱块-GW,,,
棱块,HW,华为,"10",M' U R E' R' U' R E r',,棱块-HW,,,
棱块,IW,爱沃驰手表,"00",U' D R' E' R2 E R' D' U,,棱块-IW,,,
棱块,JW,街舞,"10",U L U' M' U L' U' M,,棱块-JW,,,
棱块,GX,狗熊,"01",U' R E' R' U R E R',,棱块-GX,,,
棱块,HX,海鲜,"11",l U' M' U2 M U' l',,棱块-HX,,,
棱块,IX,九,"01",F' E' L2 E L2 F,,棱块-IX,,,
棱块,HQ,红旗,"10",R U2 R' S' R U' R' S R U' R',,棱块-HQ,,,
棱块,GQ,钢琴,"00",M U M' U' R U M U' R' M',,棱块-GQ,,,
棱块,JP,键盘,"11",U' S' R' F' R S R' F R U,,棱块-JP,,,
棱块,IP,IP地址,"01",R' F E R2 E' R2 F' R,,棱块-IP,,,
棱块,GK,锅盔,"00",S' R' F R S R2 S' R F' R S,,棱块-GK,,,
棱块,HK,黑客,"10",R' F R' S' R F' R' S R2,,棱块-HK,,,
棱块,IK,IK女装,"00",l' U R' E R U2 R' E' R U l,,棱块-IK,,,
棱块,JK,监控,"10",U' L F L S' L2 S L F' L' U,,棱块-JK,,,
棱块,GL,杠铃,"01",U L E L' U L E' L' U2,,棱块-GL,,,
棱块,HL,葫芦,"11",L F' L' S' L2 S L' F L',,棱块-HL,,,
棱块,IL,FILA(斐乐),"01",L F' E' L2 E L2 F L',,棱块-IL,,,
棱块,JL,巨龙,"11",U R' D' R S' R' D R S U',,棱块-JL,,,
棱块,GM,肛门,"00",R' B' R U' R E' R' U R E R2 B R,,棱块-GM,,,
棱块,HM,河马,"10",M R U R' U' M2 U R U' r',,棱块-HM,,,
棱块,JX,巨蟹座,"11",M' U' L U M' U' L' U M2,,棱块-JX,,,
棱块,IM,即时通讯软件,"00",u2 M' u2 M',,棱块-IM,,,
棱块,GN,姑娘,"01",U M U M' U M U M',,棱块-GN,,,
棱块,HN,红牛,"11",M' U' M' U' M U' M' U' M2,,棱块-HN,,,
棱块,IN,IN,"01",D' S' R F R' S R F' R' D,,棱块-IN,,,
棱块,JN,佳能,"11",U' M' U M U2 M U' M' U',,棱块-JN,,,
棱块,GO,狗,"00",R' U R' S R2 S' R' U' R,,棱块-GO,,,
棱块,HO,海鸥,"10",R' F R S' R' F' R S,,棱块-HO,,,
棱块,IO,伊奥,"00",r U' L E' L' U2 L E L' U' r',,棱块-IO,,,
棱块,JO,奇偶校验,"10",U R' F' R' S R2 S' R' F R U',,棱块-JO,,,
棱块,GP,股票,"01",U' R' E' R U R' E R,,棱块-GP,,,
棱块,HP,花盆,"11",S D M D2 M' D S',,棱块-HP,,,
棱块,JM,芥末,"10",D R F R' S' R F' R' S D',,棱块-JM,,,
棱块,JH,菊花,"11",R' F' E R U' R' E' R U R' F R,,棱块-JH,,,
棱块,GY,膏药,"00",M U M' U' R' U M U' r,,棱块-GY,,,
棱块,IY,两面穿衣服,"00",D' U L E L2 E' L U' D,,棱块-IY,,,
棱块,LH,路虎,"11",L F' L S' L2 S L F L',,棱块-LH,,,
棱块,MH,漫画,"01",r U R' U' M2 U R U' R' M',,棱块-MH,,,
棱块,NH,年货,"11",M2 U M U M' U M U M,,棱块-NH,,,
棱块,KI,KIK,"00",l' U' R' E R U2 R' E' R U' l,,棱块-KI,,,
棱块,LI,梨,"10",L F' L2 E' L2 E F L',,棱块-LI,,,
棱块,MI,米,"00",M' U2 M' U2 M2,,棱块-MI,,,
棱块,NI,镍,"10",D' R F R' S' R F' R' S D,,棱块-NI,,,
棱块,KJ,柯基,"01",U' L F L' S' L2 S L' F' L' U,,棱块-KJ,,,
棱块,LJ,垃圾,"11",U S' R' D' R S R' D R U',,棱块-LJ,,,
棱块,MJ,麻将,"01",D S' R F R' S R F' R' D',,棱块-MJ,,,
棱块,NJ,鸟杰,"11",U' M U' M' U2 M' U M U' ,,棱块-NJ,,,
棱块,KM,快门,"00",S M L' U' L U M2 U' L' U l S',,棱块-KM,,,
棱块,LM,蓝莓,"10",U S' L B' L' S L B L' U',,棱块-LM,,,
棱块,MK,棉裤,"00",S l' U' L U M2 U' L' U L M' S',,棱块-MK,,,
棱块,NK,内裤,"10",D L F' L2 E' L2 E F L' D',,棱块-NK,,,
棱块,KN,柯南,"01",D L F' E' L2 E L2 F L' D',,棱块-KN,,,
棱块,LN,鲁能,"11",M D M' D M D M' D,,棱块-LN,,,
棱块,ML,茉莉花,"01",U L B' L' S' L B L' S U',,棱块-ML,,,
棱块,NL,奶酪,"11",D' M D' M' D' M D' M',,棱块-NL,,,
棱块,KO,K.O,"00",U' R2 S' R2 S U,,棱块-KO,,,
棱块,LO,雷欧,"10",L' F' L S L' F L S',,棱块-LO,,,
棱块,KH,口红,"01",R2 S' R F R' S R F' R,,棱块-KH,,,
棱块,NG,南瓜,"10",M U' M' U' M U' M' U',,棱块-NG,,,
棱块,MG,芒果,"00",R' B' R2 E' R' U' R E R' U R' B R,,棱块-MG,,,
棱块,LG,LG,"10",U2 L E L' U' L E' L' U',,棱块-LG,,,
棱块,JY,甲鱼/椒盐,"10",U' R' U M' U' R U M,,棱块-JY,,,
棱块,GZ,甘蔗,"01",U L' E L U L' E' L U2,,棱块-GZ,,,
棱块,HZ,猴子,"11",S' U L' E L U' L' E' L S,,棱块-HZ,,,
棱块,IZ,IZ组合,"01",F E R2 E' R2 F',,棱块-IZ,,,
棱块,JZ,戒指,"11",M' U R' U' M' U R U' M2,,棱块-JZ,,,
棱块,KC,快餐,"00",L U' L' S' L2 S L' U L',,棱块-KC,,,
棱块,LC,绿茶,"10",L E L' U L E' L' U',,棱块-LC,,,
棱块,MC,冒菜,"00",L' U L U' M2 U L' U' L M2,,棱块-MC,,,
棱块,NC,奶茶,"10",M U M' U M U M' U,,棱块-NC,,,
棱块,KD,快递,"01",S L F' L' S' L F L',,棱块-KD,,,
棱块,HY,后羿,"10",R u' R E' R2 E R u R',,棱块-HY,,,
棱块,LD,铃铛,"11",S' D M D2 M' D S,,棱块-LD,,,
棱块,ND,牛犊,"11",M2 U' M U' M' U' M U' M,,棱块-ND,,,
棱块,KE,烤鹅,"00",U' S' L2 S L2 U,,棱块-KE,,,
棱块,LE,六耳猕猴,"10",U' L E L' U2 L E' L' U',,棱块-LE,,,
棱块,ME,木耳,"00",U2 M U2 M',,棱块-ME,,,
棱块,NE,女儿,"10",U M' U' M' U2 M U' M U',,棱块-NE,,,
棱块,KF,咖啡,"01",M U L2 U' M' U L2 U',,棱块-KF,,,
棱块,LF,拉菲,"11",U' L2 U M' U' L2 U M,,棱块-LF,,,
棱块,MF,魔方,"01",U R B R' S R B' R' S' U',,棱块-MF,,,
棱块,NF,奶粉,"11",U' S R B R' S' R B' R' U,,棱块-NF,,,
棱块,KG,酷狗音乐,"00",S' R' F R' S R2 S' R' F' R S,,棱块-KG,,,
棱块,MD,毛豆,"01",D S L F' L' S' L F L' D',,棱块-MD,,,
棱块,IH,室内战,"01",R F E R2 E' R2 F' R',,棱块-IH,,,
棱块,HJ,黄金,"11",R' F' R U' R' E R U R' E' F R,,棱块-HJ,,,
棱块,GJ,公鸡,"01",r U' R' U M U' R U R',,棱块-GJ,,,
棱块,FK,粪坑,"10",U L2 U' M U L2 U' M',,棱块-FK,,,
棱块,CL,成龙,"01",U L E L' U' L E' L',,棱块-CL,GP,,
棱块,DK,短裤,"11",S' D' M D2 M' D' S,,棱块-DL,,,
棱块,EL,饿狼,"01",U L E L' U2 L E' L' U,,棱块-EL,,,
棱块,FL,复联,"11",M' U' L2 U M U' L2 U,,棱块-FL,,,
棱块,CM,炒面,"00",D' U R U R' U' R' U' R' U R D,,棱块-CM,,,
棱块,DN,电脑,"10",D L F' L' S L F L' S' D',,棱块-DM,,,
棱块,EM,峨眉,"00",M U2 M' U2,,棱块-EM,,,
棱块,FM,蜂蜜,"10",U S R B R' S' R B' R' U',,棱块-FM,,,
棱块,CN,菜鸟,"01",U' M U' M' U' M U' M' ,,棱块-CN,GN,,
棱块,DM,大妈,"11",M' U M' U M U M' U M2,,棱块-DN,,,
棱块,EN,额娘,"01",U' M' U' M' U2 M U' M U,,棱块-EN,,,
棱块,FN,飞鸟,"11",U' R B R' S R B' R' S' U,,棱块-FN,,,
棱块,CO,凑,"00",U R U R' U' R' U' R' U R,,棱块-CO,,,
棱块,DO,东欧,"10",r U' L E' L' U L E r' L',,棱块-DO,,,
棱块,EO,EXO组合,"00",U' S R2 S' R2 U,,棱块-EO,,,
棱块,FO,佛,"10",U' R2 U M U' R2 U M',,棱块-FO,,,
棱块,CP,车票,"01",U' R' E' R U' R' E R U2,,棱块-CP,GS,,
棱块,DP,肚皮,"11",R' F R S R2 S' R F' R,,棱块-DP,,,
棱块,EP,二胖,"01",U' R' E' R U2 R' E R U',,棱块-EP,,,
棱块,FP,飞盘,"11",M' U R2 U' M U R2 U',,棱块-FP,,,
棱块,EK,尔康,"00",U S' L2 S L2 U',,棱块-EK,,,
棱块,DL,大佬,"10",L F' L' S L F L' S',,棱块-DK,,,
棱块,CK,仓库,"00",L U' L S' L2 S L U L',,棱块-CK,GO,,
棱块,FJ,飞机,"11",F E R U R' E' R U' R' F',,棱块-FJ,,,
棱块,DE,大二,"10",L' U' L U M' U' L' U l,,棱块-DE,FG,,
棱块,EC,鹅肠,"00",U' M2 U M U2 M' U M2 U,,棱块-EC,,,
棱块,FD,飞碟,"10",L U L' U' M U L U' l',,棱块-FC,,,
棱块,CF,厨房,"01",l U L' U' M' U L U' L',,棱块-CF,,,FD
棱块,DF,东风,"11",U' M U M' U2 M U M' U,,棱块-DF,,,
棱块,ED,耳朵,"01",U' M U' M' U2 M U' M' U,,棱块-ED,,,
棱块,FC,翡翠,"11",l' U' L U M U' L' U L,,棱块-FD,,,
棱块,CG,唱歌,"00",M2 U' M U2 M' U' M2,,棱块-CG,GC,,
棱块,DH,电话,"10",L F' L' S' L F L' S,,棱块-DG,HD,,
棱块,EG,二锅/俄国,"00",R' U2 R2 U R' U' R' U2 R U R U' R',,棱块-EG,,,
棱块,CQ,重庆,"00",R' U R U R' U' R' U' R' U R2,,棱块-CQ,,,
棱块,FG,法官,"10",r U R' U' M U R U' R',,棱块-FG,,,
棱块,DG,蛋糕,"11",M U M' U2 M U M',,棱块-DH,,,
棱块,EH,娥皇,"01",U M U M' U2 M U M' U',,棱块-EH,,,
棱块,FH,凤凰,"11",R' U' R U M U' R' U r,,棱块-FH,,,
棱块,CI,刺,"00",M U2 M U' M' U2 M' U,,棱块-CI,GI,,
棱块,DJ,蛋卷,"10",L' F' L2 E' L2 E F L,,棱块-DI,,,
棱块,EI,工程索引,"00",U2 M' U2 M,,棱块-EI,,,
棱块,FI,世界杯,"10",U S R' F' R S' R' F R U',,棱块-FI,,,
棱块,CJ,长江,"01",l' U L U' M U L' U' L,,棱块-CJ,GJ,,JC
棱块,DI,滴滴,"11",M' F' r U M U' r' F,,棱块-DJ,,,
棱块,EJ,耳机,"01",R' F' R U R' E R U' R' E' F R,,棱块-EJ,,,
棱块,CH,彩虹,"01",S R' F R S' R' F' R,,棱块-CH,GD,,HD
棱块,DQ,电器,"10",S' U L' E' L2 E L' U' S ,,棱块-DQ,,,
棱块,EQ,EQ情商,"00",R' U' S R2 S' R2 U R,,棱块-EQ,,,
棱块,FQ,番茄,"10",U' R U M U' R' U M',,棱块-FQ,,,
棱块,EZ,儿子,"01",U L' E L U2 L' E' L U,,棱块-EZ,,,
棱块,FZ,房子,"11",M' U R' U' M U R U',,棱块-FZ,,,
棱块,GC,工厂,"00",M2 U M U2 M' U M2,,棱块-GC,,,
棱块,HC,火车,"10",M U' M' U2 M U' M',,棱块-HC,,,
棱块,IC,IC卡,"00",U' M U2 M U M' U2 M',,棱块-IC,,,
棱块,JC,警察,"10",L' U L U' M' U L' U' l,,棱块-JC,,,
棱块,GD,果冻,"01",S' L F' L' S L F L',,棱块-GD,,,
棱块,HD,蝴蝶,"11",R' F R S R' F' R S',,棱块-HD,,,
棱块,ID,身份证,"01",L' F' E' L2 E L2 F L,,棱块-ID,,,
棱块,JD,鸡蛋,"11",F' r U M' U' r' F M,,棱块-JD,,,
棱块,DZ,刀子,"11",r' U M' U2 M U r,,棱块-DZ,,,
棱块,GE,孤儿,"00",M2 u' M' u2 M' u' M2,,棱块-GE,,,
棱块,IE,IE浏览器,"00",M' U2 M U2,,棱块-IE,,,
棱块,JE,巨鳄,"10",R' F' E R U R' E' R U' R' F E,,棱块-JE,,,
棱块,GF,功夫,"01",r' U' R U M' U' R' U R,,棱块-GF,,,
棱块,HF,盒饭,"11",U M U' M' U2 M U' M' U',,棱块-HF,,,
棱块,IF,鬼步舞,"01",U R' F' R S R' F R S' U',,棱块-IF,,,
棱块,JF,加菲猫,"11",U' S R' F' R S' R' F R U,,棱块-JF,,,
棱块,GI,gigi,"00",M U2 M U M' U2 M' U',,棱块-GI,,,
棱块,HI,海,"10",R F R2 E R2 E' F' R',,棱块-HI,,,
棱块,IG,Instagram,"00",U M U2 M U' M' U2 M',,棱块-IG,,,
棱块,JG,金箍,"10",R U' R' U M' U' R U r',,棱块-JG,,,
棱块,HE,海尔,"10",R U R' U' M' U R U' r',,棱块-HE,,,
棱块,MO,木偶,"00",S' r U R' U' M2 U R U' R' M' S,,棱块-MO,,,
棱块,CZ,肠子,"01",U L' E L U' L' E' L,,棱块-CZ,,,
棱块,EY,儿媳,"00",R U' S R2 S' R2 U R',,棱块-EY,,,
棱块,CR,超人,"01",U L E' L' U' L E L',,棱块-CR,GT,,
棱块,DR,敌人,"11",R M U M' U2 M U M' R',,棱块-DR,,,
棱块,ER,恶人,"01",U L E' L' U2 L E L' U,,棱块-ER,,,
棱块,FR,腐乳,"11",M' U R U' M U R' U',,棱块-FR,,,
棱块,CS,厨师,"00",U E L E' L' U' L E L' E',,棱块-CS,GS,,
棱块,DS,大师,"10",r U R' E R U R' E' R U2 r',,棱块-DS,,,
棱块,ES,耳屎,"00",L U S' L2 S L2 U' L',,棱块-ES,,,
棱块,FS,粉丝,"10",U L' U' M U L U' M',,棱块-FS,,,
棱块,CT,餐厅,"01",U' R' E R U' R' E' R U2,,棱块-CT,,,
棱块,DT,地图,"11",S U' R' E R U R' E' R S',,棱块-DT,,,
棱块,FY,法医,"10",U' R' U M U' R U M',,棱块-FY,,,
棱块,ET,儿童,"01",U' R' E R U2 R' E' R U',,棱块-ET,,,
棱块,CW,财务,"00",u L' E L U' L' E' L E,,棱块-CW,,,
棱块,DW,大王,"10",U' l U M' U2 M U l' U,,棱块-DW,,,
棱块,EW,鹅王,"00",L' U S' L2 S L2 U' L,,棱块-EW,,,
棱块,FW,福娃,"10",U L U' M U L' U' M',,棱块-FW,,,
棱块,CX,车厢,"01",U' R E' R' U' R E R' U2,,棱块-CX,,,
棱块,DX,大象,"11",S U' R E' R' U R E R' S',,棱块-DX,,,
棱块,EX,鹅心,"01",U' R E' R' U2 R E R' U',,棱块-EX,,,
棱块,FX,佛像,"11",M' U' L U M U' L' U,,棱块-FX,,,
棱块,CY,草药,"00",R U R U R' U' R' U' R' U,,棱块-CY,,,
棱块,DY,电影/抖音,"10",R' U' r U R' U' M U R U' R' U R,,棱块-DY,,,
棱块,FT,饭堂,"11",M' U' L' U M U' L U,,棱块-FT,,,
角块,YT,牙套,"1",D R D R' U' R D2 R' U R D R' D',,角块-YT,,,
棱块,NO,一氧化氮,"10",D' R' F R2 E R2 E' F' R D,,棱块-NO,,,
棱块,LP,凉皮,"11",R' F R' S' R2 S R' F' R,,棱块-LP,,,
棱块,XF,校服,"11",U' L U M' U' L' U M,,棱块-XF,,,
棱块,SG,砂锅,"00",R E2 R' U' R E2 R' U,,棱块-SG,,,
棱块,TG,糖果,"10",R' E R U' R' E' R U,,棱块-TG,,,
棱块,WG,乌龟,"00",R' E2 R U' R' E2 R U,,棱块-WG,,,
棱块,XG,香菇,"10",R E' R' U' R E R' U,,棱块-XG,,,
棱块,SH,水壶,"01",S U' R' E R2 E' R' U S',,棱块-SH,,,
棱块,TH,弹簧,"11",L' M U M' U2 M U M' L,,棱块-TH,,,
棱块,WH,网红,"01",S U' R E' R2 E R U S',,棱块-WH,,,
棱块,XH,校花,"11",l U M' U2 M U l',,棱块-XH,,,
棱块,SI,丝,"00",U' D R' E R2 E' R' U D',,棱块-SI,,,
棱块,TI,题,"10",L2 F' L2 E' L2 E F L2,,棱块-TI,,,
棱块,WI,WiFi,"00",U' D R E' R2 E R D' U,,棱块-WI,,,
棱块,XI,夕阳,"10",F' L2 E' L2 E F,,棱块-XI,,,
棱块,SJ,手机,"01",M' U L' U' M U L U',,棱块-SJ,,,
棱块,TJ,台阶,"11",F E r U r' E' r U' r' F',,棱块-TJ,,,
棱块,WJ,玩具,"01",M' U L U' M U L' U',,棱块-WJ,,,
棱块,XJ,香蕉,"11",M2 U' L U M U' L' U M,,棱块-XJ,,,
棱块,SK,斜转,"00",D2 U' R' E R2 E' R' U D2,,棱块-SK,,,
棱块,TK,坦克,"10",U E L E' L2 E L E' U',,棱块-TK,,,
棱块,WK,悟空,"00",D2 U' R E' R2 E R U D2,,棱块-WK,,,
棱块,XK,相框,"10",u L' E L2 E' L' u',,棱块-XK,,,
棱块,WF,汪峰,"01",M U L U' M' U L' U',,棱块-WF,,,
棱块,TF,台风,"11",U' L' U M' U' L U M,,棱块-TF,,,
棱块,SF,沙发,"01",M U L' U' M' U L U',,棱块-SF,,,
棱块,XE,熊二,"10",U R E' R' U2 R E R' U,,棱块-XE,,,
棱块,PX,螃蟹/皮鞋,"11",R' F E' R2 E R2 F' R,,棱块-PX,,,
棱块,QX,球鞋,"01",R U' R E' R' U R E R2,,棱块-QX,,,
棱块,RX,肉馅,"11",R2 F E' R2 E R2 F' R2,,棱块-RX,,,
棱块,OY,欧元,"00",R' U R U R U R' U' R' U',,棱块-OY,,,
棱块,PY,皮衣,"10",S U L E L2 E' L U' S',,棱块-PY,,,
棱块,QY,秋衣,"00",U R' S R2 S' R' U',,棱块-QY,,,
棱块,RY,肉燕,"10",F R S' R' F' R S R',,棱块-RY,,,
棱块,OZ,欧洲,"01",u' R' E' R2 E R' u,,棱块-OZ,,,
棱块,PZ,瓶子,"11",U' S U R U' S' U R',,棱块-PZ,,,
棱块,QZ,茄子,"01",R U' R' E' R U R' E,,棱块-QZ,,,
棱块,SL,扫雷,"01",D M' U L' U' M U L U' D',,棱块-SL,,,
棱块,RZ,肉粽,"11",l' U' R' S R2 S' R' U l,,棱块-RZ,,,
棱块,TC,陶瓷,"10",U2 R' E R U R' E' R U,,棱块-TC,,,
棱块,WC,旺财,"00",E' L' E L U L' E' L u',,棱块-WC,,,
棱块,XC,相册,"10",U2 R E' R' U R E R' U,,棱块-XC,,,
棱块,SD,闪电,"01",r U2 R' E R U' R' E' R U' r',,棱块-SD,,,
棱块,TD,泰迪,"11",S R' E R U' R' E' R U S',,棱块-TD,,,
棱块,WD,豌豆,"01",U' l U' M' U2 M U' l' U,,棱块-WD,,,
棱块,XD,鞋带,"11",S R E' R' U' R E R' U S',,棱块-XD,,,
棱块,SE,烧鹅,"00",L U' S' L2 S L2 U L',,棱块-SE,,,
棱块,TE,天鹅,"10",U R' E R U2 R' E' R U,,棱块-TE,,,
棱块,WE,我们,"00",L' U' S' L2 S L2 U L,,棱块-WE,,,
棱块,SC,酸菜,"00",E L E' L' U L E L' U' E',,棱块-SC,,,
棱块,OX,公牛,"01",u' R E R2 E' R u,,棱块-OX,,,
棱块,TL,铁路,"11",L D M D' L' D M' D',,棱块-TL,,,
棱块,XL,项链,"11",L' D M D' L D M' D',,棱块-XL,,,
棱块,WS,五杀,"00",U' L' S' L2 S L' U,,棱块-WS,,,
棱块,XS,香水,"10",E L' U L E' L' U' L,,棱块-XS,,,
棱块,SX,生肖,"01",L' U L E L' U' L E',,棱块-SX,,,
棱块,TX,拖鞋,"11",r U r E r2 E r U' r',,棱块-TX,,,
棱块,WT,梧桐,"01",L U L' E' L U' L' E,,棱块-WT,,,
棱块,XT,刑天,"11",r U r' E' r2 E' r' U' r',,棱块-XT,,,
棱块,SY,摄影,"00",R U' R' E R2 E' R' U R',,棱块-SY,,,
棱块,TY,汤圆,"10",R2 E R U' R' E' R U R,,棱块-TY,,,
棱块,WY,乌鸦,"00",R U' R E' R2 E R U R',,棱块-WY,,,
棱块,XY,西游记,"10",E' R' U' R E R' U R,,棱块-XY,,,
棱块,SZ,勺子,"01",L' U L' E L U' L' E' L2,,棱块-SZ,,,
棱块,TZ,贴纸,"11",r U R' E R2 E' R' U' r',,棱块-TZ,,,
棱块,WZ,王子,"01",L U L' E L U' L' E',,棱块-WZ,,,
棱块,XZ,心脏,"11",u R S R2 S' R u',,棱块-XZ,,,
棱块,YC,旸唇,"00",U' R U R U R U' R' U' R',,棱块-YC,,,
棱块,ZC,榨菜,"10",L' E L U L' E' L U',,棱块-ZC,,,
棱块,YD,腰带,"01",R' U' R U R' U' M' U R U' r' U R,,棱块-YD,,,
棱块,ZD,桌垫,"11",r' U' M' U2 M U' r ,,棱块-ZD,,,
棱块,YE,婴儿,"00",R U S R2 S' R2 U' R',,棱块-YE,,,
棱块,ZE,猪耳,"10",U' L' E L U2 L' E' L U',,棱块-ZE,,,
棱块,YF,衣服,"01",M U' R' U M' U' R U,,棱块-YF,,,
棱块,TW,条纹,"10",E' L U L' E L U' L',,棱块-TW,,,
棱块,SW,丝袜,"00",U' L S' L2 S L U,,棱块-SW,,,
棱块,XR,虾仁,"11",R2 F R2 E' R2 E F' R2,,棱块-XR,,,
棱块,WR,世界纪录,"01",L U L E' L' U' L E L2,,棱块-WR,,,
棱块,SM,烧麦,"00",U' D' R' E R2 E' R' D U,,棱块-SM,,,
棱块,TM,汤姆猫,"10",M U' L' U M2 U' L U M,,棱块-TM,,,
棱块,WM,外卖,"00",U' D' R E' R2 E R D U,,棱块-WM,,,
棱块,XM,熊猫,"10",M U' L U M2 U' L' U M,,棱块-XM,,,
棱块,SN,酸奶,"01",U2 M U' L' U M' U' L U',,棱块-SN,,,
棱块,TN,鸵鸟,"11",U' M U R' E R U' R' E' r U,,棱块-TN,,,
棱块,WN,蜗牛,"01",U2 M U' L U M' U' L' U',,棱块-WN,,,
棱块,XN,犀牛,"11",U' M U r E' r' U' r E R' U,,棱块-XN,,,
棱块,SO,手偶,"00",U' R' E R2 E' R' U,,棱块-SO,,,
棱块,TO,糖藕,"10",U' E' R E' R2 E R E U,,棱块-TO,,,
棱块,WL,卫龙辣条,"01",S' U' R E' R2 E R U S,,棱块-WL,,,
棱块,WO,玩偶,"00",U' R E' R2 E R U,,棱块-WO,,,
棱块,SP,薯片,"01",D' M' U L' U' M U L U' D,,棱块-SP,,,
棱块,TP,天蓬元帅,"11",S' R' E R U' R' E' R U S,,棱块-TP,,,
棱块,WP,网盘,"01",D' M' U L U' M U L' U' D,,棱块-WP,,,
棱块,XP,橡皮,"11",R' F R2 E' R2 E F' R,,棱块-XP,,,
棱块,SQ,手枪,"00",R' U' R' E R2 E' R' U R,,棱块-SQ,,,
棱块,TQ,台球,"10",E R U' R' E' R U R',,棱块-TQ,,,
棱块,WQ,围棋,"00",R' U' R E' R2 E R U R,,棱块-WQ,,,
棱块,XQ,星球,"10",R2 E' R' U' R E R' U R',,棱块-XQ,,,
棱块,SR,蒜蓉,"01",L' U L E' L' U' L E,,棱块-SR,,,
棱块,TR,兔肉,"11",E U R' S R2 S' R' U' E',,棱块-TR,,,
棱块,XO,XO酒,"10",u' R' E R2 E' R' u,,棱块-XO,,,
棱块,RW,肉丸,"10",L2 E' L' U L E L' U' L',,棱块-RW,,,
棱块,QW,青蛙,"00",R' U' R' E' R2 E R' U R,,棱块-QW,,,
棱块,PW,喷雾,"10",M D R' E' R D' R' E r,,棱块-PW,,,
棱块,KY,烤鸭,"00",U L E L2 E' L U',,棱块-KY,,,
棱块,LY,羚羊,"10",D U' R' U M' U' R U M D',,棱块-LY,,,
棱块,MY,蚂蚁,"00",U D L E L2 E' L D' U',,棱块-MY,,,
棱块,NY,农药,"10",U' R' U' M U R U' M' U2,,棱块-NY,,,
棱块,KZ,口罩,"01",u L' E' L2 E L' u',,棱块-KZ,,,
棱块,LZ,蜡烛,"11",F R' S' R2 S R' F',,棱块-LZ,,,
棱块,MZ,帽子,"01",M' U R' U' M2 U R U' M',,棱块-MZ,,,
棱块,NZ,哪吒,"11",U L' E l U' l' E' l U M' U',,棱块-NZ,,,
棱块,OC,橘子郡男孩,"00",R' U' R U R U R U' R' U',,棱块-OC,,,
棱块,PC,泡菜,"10",U2 R' E' R U R' E R U,,棱块-PC,,,
棱块,QC,青菜,"00",R2 U' R U R U R U' R' U' R,,棱块-QC,,,
棱块,RC,肉串,"10",L E' L' U L E L' U',,棱块-RC,,,
棱块,OD,欧弟,"01",r L E' L' U' L E L' U r',,棱块-OD,,,
棱块,PD,皮蛋,"11",R' F R' S R2 S' R' F' R,,棱块-PD,,,
棱块,QD,乔丹,"01",S' U L E' L2 E L U' S,,棱块-QD,,,
棱块,RD,瑞典,"11",R M U' M' U2 M U' M' R',,棱块-RD,,,
棱块,OE,藕耳,"00",U S R2 S' R2 U',,棱块-OE,,,
棱块,PE,普洱茶,"10",U R' E' R U2 R' E R U,,棱块-PE,,,
棱块,QE,企鹅,"00",R' U S R2 S' R2 U' R,,棱块-QE,,,
棱块,RE,软腭,"10",U' L E' L' U2 L E L' U',,棱块-RE,,,
棱块,OF,关机键,"01",M U' R2 U M' U' R2 U,,棱块-OF,,,
棱块,NX,奶昔,"11",U' R E' r' U r E r' U' M' U,,棱块-NX,,,
棱块,MX,米线,"01",M' U' L U M2 U' L' U M',,棱块-MX,,,
棱块,LX,流星,"11",D M D' L' D M' D' L,,棱块-LX,,,
棱块,KX,烤箱,"01",u L E L2 E' L u',,棱块-KX,,,
棱块,MP,麦片,"01",U' R' B R S R' B' R S' U,,棱块-MP,,,
棱块,NP,奶瓶,"11",U' S' R B R' S R B' R' U,,棱块-NP,,,
棱块,KQ,孔雀,"00",U r' S r2 S r' U',,棱块-KQ,,,
棱块,LQ,篮球,"10",U' D R U M' U' R' U M D',,棱块-LQ,,,
棱块,MQ,米奇,"00",U D L' E' L2 E L' D' U',,棱块-MQ,,,
棱块,NQ,泥鳅,"10",U' R U' M U R' U' M' U2,,棱块-NQ,,,
棱块,KR,扣肉,"01",E U L E L2 E' L U' E',,棱块-KR,,,
棱块,LR,鹿茸,"11",R2 F R' S' R2 S R' F' R2,,棱块-LR,,,
棱块,MR,母乳,"01",M' U R U' M2 U R' U' M',,棱块-MR,,,
棱块,NR,牛肉,"11",U l E' L' U' L E L' U M' U',,棱块-NR,,,
棱块,PF,披风,"11",U R2 U' M' U R2 U' M,,棱块-PF,,,
棱块,KS,快手,"00",D2 U' R E R2 E' R U D2,,棱块-KS,,,
棱块,MS,魔术,"00",U' D' R E R2 E' R D U,,棱块-MS,,,
棱块,NS,年兽,"10",U L' U M U' L U M' U2,,棱块-NS,,,
棱块,KT,空调,"01",U E L' E' L2 E L' E' U',,棱块-KT,,,
棱块,LT,轮胎,"11",D M D' L D M' D' L',,棱块-LT,,,
棱块,MT,摩托,"01",M' U' L' U M2 U' L U M',,棱块-MT,,,
棱块,NT,奶糖,"11",U' r' E R U R' E' R U' M' U,,棱块-NT,,,
棱块,KW,匡威,"00",D2 U' R' E' R2 E R' U D2,,棱块-KW,,,
棱块,LW,芦苇,"10",S' U' R' E' R2 E R' U S,,棱块-LW,,,
棱块,MW,漫威,"00",U' D' R' E' R2 E R' D U,,棱块-MW,,,
棱块,NW,女娲,"10",U L U M U' L' U M' U2,,棱块-NW,,,
棱块,LS,老鼠,"10",D U L' U' M' U L U' M D',,棱块-LS,,,
棱块,QF,擒奋,"01",M U' R U M' U' R' U,,棱块-QF,,,
棱块,RF,肉粉,"11",U R U' M' U R' U' M,,棱块-RF,,,
棱块,OG,欧冠,"00",R U R' S R2 S' R3 U' R',,棱块-OG,,,
棱块,RM,绒毛,"10",M U R U' M2 U R' U' M,,棱块-RM,,,
棱块,ON,欧尼,"01",D' R' F E R2 E' R2 F' R D,,棱块-ON,,,
棱块,PN,跑男,"11",U' R B R' S' R B' R' S U,,棱块-PN,,,
棱块,QN,牵牛花,"01",U2 M U R U' M' U R' U,,棱块-QN,,,
棱块,RN,肉泥,"11",U M U' L E' L' U L E l' U',,棱块-RN,,,
棱块,OQ,蛋清,"00",U2 R U' R' U' R' U' R U R U',,棱块-OQ,,,
棱块,PQ,排球,"10",R' f R S' R2 S R f' R,,棱块-PQ,,,
棱块,QO,求偶,"00",U R' U' R' U R U R U R' U2,,棱块-QO,,,
棱块,RO,肉,"10",E' U' R' E R2 E' R' U E,,棱块-RO,,,
棱块,OR,俄勒冈州,"01",U' E' R E R2 E' R E U,,棱块-OR,,,
棱块,QM,洽米,"00",U D L E' L2 E L D' U',,棱块-QM,,,
棱块,PR,飘柔,"11",D' M D R' D' M' D R,,棱块-PR,,,
棱块,RP,肉片,"11",R' D' M D R D' M' D,,棱块-RP,,,
棱块,OS,内心独白,"00",U' R E R2 E' R U,,棱块-OS,,,
棱块,PS,菩萨,"10",D' U L' U' M' U L U' M D,,棱块-PS,,,
棱块,QS,汽水,"00",R' U' R E R2 E' R U R,,棱块-QS,,,
棱块,RS,肉松,"10",r U r' E r U' r' E',,棱块-RS,,,
棱块,OT,蛋挞,"01",U' E' R' E' R2 E R' E U,,棱块-OT,,,
棱块,PT,葡萄,"11",S' U' R' E R U R' E' R S,,棱块-PT,,,
棱块,QT,拳头,"01",R U' R' E R U R' E',,棱块-QT,,,
棱块,RT,软糖,"11",E U R S R2 S' R U' E',,棱块-RT,,,
棱块,OW,猫头鹰,"00",U' R' E' R2 E R' U,,棱块-OW,,,
棱块,QP,棋盘,"01",R' f R' S' R2 S R' f' R,,棱块-QP,,,
棱块,KP,酷派手机,"01",S' R F R' S R F' R',,棱块-KP,,,
棱块,PM,泡面,"10",U' S R' B R S' R' B' R U,,棱块-PM,,,
棱块,RL,日历,"11",R2 F R S' R2 S R F' R2,,棱块-RL,,,
棱块,PG,苹果/屁股,"10",R' E' R U' R' E R U,,棱块-PG,,,
棱块,QG,乞丐,"00",M R U M' U' R' U M U' M',,棱块-QG,,,
棱块,RG,热狗,"10",U2 L E' L' U' L E L' U',,棱块-RG,,,
棱块,OH,欧皇,"01",S' R' F R S R' F' R,,棱块-OH,,,
棱块,PH,胖虎,"11",S D' M D2 M' D' S',,棱块-PH,,,
棱块,QH,拳皇,"01",R U R' S' R U R' S R U2 R',,棱块-QH,,,
棱块,RH,如花,"11",S' L E' L' U L E L' U' S,,棱块-RH,,,
棱块,OI,油,"00",r U L E' L' U2 L E L' U r',,棱块-OI,,,
棱块,PI,屁,"10",R' F R2 E R2 E' F' R,,棱块-PI,,,
棱块,QI,棋,"00",R' f2 R2 U' R2 f2 R2 U' R',,棱块-QI,,,
棱块,OM,欧姆,"00",S' M R U R' U' M2 U R U' r' S,,棱块-OM,,,
棱块,RI,日,"10",R2 F R2 E R2 E' F' R2,,棱块-RI,,,
棱块,PJ,啤酒,"11",U' R' F' R S' R' F R S U,,棱块-PJ,,,
棱块,QJ,青椒,"01",M' U' R U M U' R' U,,棱块-QJ,,,
棱块,RJ,日军,"11",F' R U' R' E R U R' E' F,,棱块-RJ,,,
棱块,OK,OK绷,"00",U' S' R2 S R2 U,,棱块-OK,,,
棱块,PK,皮裤,"10",R F R' S' R F' R' S,,棱块-PK,,,
棱块,QK,秋葵,"00",U r S' r2 S' r U',,棱块-QK,,,
棱块,RK,肉蔻,"10",E U L' E L2 E' L' E' U',,棱块-RK,,,
棱块,OL,欧莱雅,"01",S L' F' L S' L' F L,,棱块-OL,,,
棱块,PL,炮楼,"11",R' F R S' R2 S R F' R,,棱块-PL,,,
棱块,QL,麒麟,"01",D M' U' R U M U' R' U D',,棱块-QL,,,
棱块,OJ,瓯江,"01",U R' F' R S R2 S' R F R U',,棱块-OJ,,,
角块,ZT,侦探,"2",R U R' D' R U' R' D,,角块-ZT,,,
